Animal_ID,Dose,Region,-600,-360,-120,120,360,600,840,1080,1320,1560,1800,2040,2280,2520,2760
1,10,Cg1,-9.33469279153517,-9.39551386376237,-10.0244207987665,370.735513566203,384.451965692236,392.898459904765,443.283784939227,483.103814955912,461.422294182188,422.506131512396,359.782312953734,264.654014303067,219.567281339348,181.320235222821,160.169700728827
2,10,Cg1,-12.7229959436247,-14.4849730260902,-3.93068047634529,295.330785533789,254.702214745032,219.261391549577,187.278653302676,158.713846553586,137.582262464816,112.608541195633,79.7301535924356,61.5114572204809,52.5701662758649,42.2609028076822,35.1307507604445
3,10,Cg1,-13.0840966086885,-8.89550685943722,-3.67906350572867,431.920209737943,364.278762632196,306.646328813886,288.368821665323,264.610489325844,239.400726639917,220.691030886488,192.075330259274,149.314232848758,120.544418209527,107.331864222628,99.5507507753832
4,10,Cg1,-14.6172585299834,-9.43859428214803,11.7565227442183,77.5010015703875,109.163213583162,116.659585684342,121.072417016957,111.214729237513,93.7272174224592,52.5427713562367,53.441237714331,35.8189629847567,40.2989476323014,29.7897327604103,18.326327578137
5,10,Cg1,-9.36577488442057,-13.7164875851156,15.566381158017,231.446639631771,298.462150785297,216.583321599969,123.096783699335,82.7313659958656,48.3925327996578,40.5462979412608,24.9940551887948,19.1455595155127,17.1425887037827,11.6117850264049,6.49027909716241
6,10,Cg1,-18.4803086925011,-9.42644074685702,-16.169857060596,133.125404752333,437.338131087325,410.157382633297,387.848409512072,275.562017206993,280.35359932527,140.303528256649,47.6526936316829,198.396433368802,112.447231667534,71.995965916647,104.308024301074
7,10,Cg1,2.59969514586312,-7.95214561176633,5.59875851774253,50.7155008774455,125.372867445883,102.082456286336,86.6778122146271,69.0036119982903,55.354403488391,52.1443806183795,36.0763663376961,4.6124177717797,8.57775781707394,-6.6553637088716,21.2594724107191
8,10,Cg1,-7.40483788199635,-0.282271360845511,-8.18630446308786,91.2461232762231,187.369092920366,87.3829067815071,130.804454748875,101.095179455232,78.9863321503035,100.14336733483,86.2676474058261,103.594571439115,105.629231949276,84.2468513609327,93.4572150636222
9,10,Cg1,73.2928936561431,-0.268118904324681,-25.3123704713596,54.6198650271405,153.669890308689,89.0615794550886,38.9149690533016,17.9681446404055,2.83054907314453,-10.6361621089103,-16.7217541431792,-23.2513310047517,-32.6006329147226,-33.4616566601053,-40.5091177733503
1,10,PrL,-5.51176426358709,-5.00308166941094,-4.40679989534658,113.565144338106,124.935468888643,138.097122926735,147.91115030024,166.699843891208,145.383003900965,117.241633635527,87.9453082495685,54.3754173236657,49.6909650111716,30.2404100699019,28.7548822639401
2,10,PrL,-9.15416923210948,-11.9092975599562,-0.522051201393585,210.994953967045,192.678900098659,162.142167352857,141.68479996268,118.101575291134,100.025905499522,91.7082915055914,75.6574106550323,61.8582189640772,54.2636922676648,49.7877813261289,45.2039417580862
3,10,PrL,-3.35379063661883,-1.85767756302912,-1.06961031660071,148.679542953086,98.5288676216341,66.7910775908379,66.4041819413393,68.7475039192286,66.337557886653,60.9576283252192,48.3020058082834,37.8098658757342,33.0943080735619,26.9737443599449,32.1011477421081
4,10,PrL,-16.1116045456219,-12.8521372093407,16.8001977483656,109.903833971009,154.04273396825,156.716294138624,153.976297645046,118.637583006654,136.950801058451,94.3752603873584,113.454945595985,80.7542897929348,71.1753951282605,47.9923714066502,30.9421743982302
5,10,PrL,-8.72016007257058,-14.9435054125983,15.1774459326749,244.373984579451,335.399887306821,211.427887798069,111.259365590949,70.5942630321858,47.0915995486605,39.6502735745062,33.3497253324415,29.470138064921,29.3370183767609,21.0205753801444,13.5752024038116
6,10,PrL,-12.9191588396567,-6.81082821399023,-12.0476348283408,95.757943327042,308.491898539881,304.86626430002,304.102775439017,205.741340918794,203.549217938157,108.103670007736,63.9153540081126,157.922018717364,81.3927509680899,56.4863264694558,78.0081629898169
7,10,PrL,21.3308159426851,-9.21927688405886,1.23902793134656,64.5196271716145,116.157932543319,91.5470116281674,83.819972081026,75.7536125523082,67.1126074310574,66.5504519491319,45.4490815021241,5.68349491379728,1.49937673440122,-12.1357425005866,20.4529999985686
8,10,PrL,-11.1977614382784,-4.3646270901735,-9.38596553162213,123.919103105151,207.615362451916,106.311871584595,141.626535363788,124.90906148655,90.1447953716576,86.6578208384843,86.8546252227777,83.9621308903297,67.1263455118394,48.023466492644,58.5660794587981
9,10,PrL,58.7367779238344,-2.37063545954346,-20.2020539426433,25.2228411618283,122.910441836029,63.6404476990305,23.2505774397394,7.18265626287002,1.17536626843511,0.736025260284832,1.96398695873308,-1.21011917245826,-5.66819053358034,-6.23092608369268,-11.0489264459509
1,10,IL,-3.02395791671884,-2.11142048590163,-2.24265044984493,48.9045449258212,41.5137072692436,45.5641754677938,53.9021906985098,63.3223120230355,57.1446048933614,47.843224742776,38.4200271367815,18.6244507868834,17.9650565651511,5.46453870167846,-0.346101582744252
2,10,IL,-0.299810891858695,-8.20328360021295,1.25047581589775,166.222274893153,106.794636283864,89.304365179872,84.6896339764452,69.8345975045075,54.8887213647422,59.8861371923458,44.2764103905741,38.6213543345043,33.1332968692642,20.3573376525049,13.6911834036683
3,10,IL,2.15981977076141,-0.385415338650412,0.253726959642579,32.1077218313451,4.55683197653624,-3.97873251646811,44.1484250832388,59.850459448996,74.5102939042715,63.5365348195081,70.2929589587031,70.0323140684995,64.9079006912048,51.3099290929653,74.8029639099438
4,10,IL,-9.33230256639205,-11.9127312313546,10.854796801542,227.263608121727,247.768798922639,171.838760004725,146.519073354912,84.765520304776,96.4259344919123,60.9480483201436,76.3416050558788,43.4758719773362,24.7344172287631,13.8866507010063,4.71766078955243
5,10,IL,-15.0675231117803,-16.2641775562219,19.3166331468346,147.64576097509,189.599125479598,116.032278513077,66.1547472848525,58.1021296866724,63.4062522172669,70.7368262783641,65.2848997562483,59.3979916337612,57.9961407702891,61.6290763760108,45.8735851240213
6,10,IL,-7.49889120602414,-1.55564881971325,-8.04031936049907,48.7922179314392,156.080718993723,145.418034778455,144.216112096359,101.060357414249,111.235083721472,94.4506776148604,38.7205253391518,125.454218937846,75.2809108836966,56.3391922734873,65.265294495366
7,10,IL,3.51962905401813,-5.8549595368342,3.05769574705434,58.89289254359,76.3164758308164,80.5698742303035,76.2408410083222,73.9619923237142,67.7210062513009,60.3555907979769,42.2944174225756,16.9790294170845,20.6581794438832,8.07894654703193,46.8609677490235
8,10,IL,-8.24410981712918,-7.53306428458997,-7.65902868077172,71.6659107093699,100.375072480511,54.6303243296597,58.5762444549484,51.4629342518684,32.9566235091659,24.8698774064463,30.7266683435038,24.5035111935318,2.26639679383777,-8.37539406480761,-8.52170392243154
9,10,IL,45.7087280018289,4.75536170604962,-25.0550988064509,-4.94975674256514,40.6137772522869,23.2836043614449,11.699486884268,4.6630010967593,0.742144267343926,0.468846918091748,1.00337628899812,-1.87709115797616,-9.17299259323706,-9.65335237588291,-12.3544253292102
1,10,M2,-10.0294103755488,-9.30980375413191,-10.8051434252901,208.303333839332,205.556221878861,283.708530566512,364.266954152102,405.641016392313,406.653906710172,379.081913144684,327.716196437714,226.072029423388,179.542228208644,137.091870916147,110.322324770505
2,10,M2,-26.7085705530886,-27.4061098119006,-17.3111826262132,174.545988744928,169.660908093839,160.942732465209,158.83228870752,129.047059577786,111.620542964325,93.4955584798622,71.2979054112181,59.6513550032572,54.1370549160317,38.2919450514346,33.8028177956669
3,10,M2,-23.4559370945744,-22.7597290241259,-16.5072523318244,190.864928462937,166.431962171811,136.907543139944,116.426405821536,122.910337933098,110.908283819377,108.242092253227,81.260904702571,55.7064228208296,47.6879649631653,41.8257921391373,48.0956283677317
4,10,M2,-19.2066287808563,-15.8519930982758,13.1515569095465,121.162888642406,161.304128214327,145.446905077116,140.810744665483,129.046002170479,135.547227015331,98.7080725679239,85.8612573643008,52.6476842428508,38.6377039218645,27.5442347961981,6.7841810376468
5,10,M2,-9.54322693511086,-12.3532537928226,11.1669984928025,165.895497263191,193.060641479268,175.002737511298,132.833424617991,110.582118922104,83.946918323757,72.6668490199459,47.1341771421651,38.9655730605312,34.1093787738472,30.0412193920572,24.0269225755802
6,10,M2,-12.1511033904488,-5.01020850456192,-9.36786438570539,75.5881220260385,314.38948435549,263.824658905732,256.1828262151,209.720029377428,219.108150863359,128.561858405448,49.0989814301878,162.397298312484,96.2754376846183,61.1204017470245,77.1405673586944
7,10,M2,-4.0018736205795,-4.85934277857246,1.28567508758455,28.3464236528516,52.1586528833178,61.7673598189399,56.0572724115617,47.6038364915731,47.0026510861048,42.6479951455134,30.7500553378558,10.1234730673367,20.5140979879482,12.8184926859334,34.4657275015689
8,10,M2,-11.7937756713456,-4.56972715837279,-9.06871929000927,36.618418336854,114.952223175668,80.6703396016398,139.368469538141,119.492814747835,103.249609532687,102.642196851327,74.9435160595582,66.285447485358,53.3294939852531,25.9427423059501,25.8206216110352
9,10,M2,71.2347352591833,-2.57799912207584,-24.4305399492944,29.1532753779219,64.0284452550513,17.2791666278837,1.91323437866029,-5.82568519674363,-13.4664786566563,-15.053302196054,-21.9524783268253,-26.7255491961311,-33.8835478344371,-34.3407056995714,-38.394773310385
1,10,M1,-13.5120921973197,-10.9591557100732,-13.2987113784729,134.842149671003,150.841501743015,197.06192510714,229.412712716294,256.556911995325,241.290477088565,216.991055556252,173.140110482382,117.496295916849,99.5873493653099,69.6023745322637,60.6024056059259
2,10,M1,-27.3506153272685,-27.5636270615143,-18.8812615207532,176.014765660418,156.877486415581,143.671613213242,143.045172746266,106.211476416134,82.4929872381423,64.7795829563722,40.8764778475247,32.6656831171588,27.1005112397336,21.089318709153,20.4233424197015
3,10,M1,-19.4273934696267,-20.1213387315183,-15.9949703890573,192.998608193758,166.532735006692,154.608087251746,140.968204003091,137.245170570844,118.228245450604,108.759877067609,74.1480812705817,47.5057131750816,37.876403238733,35.1983620890543,38.7119529608518
4,10,M1,-26.7736264612681,-22.0528604314658,10.7001381924862,58.951852298062,128.97286006468,139.067945451685,139.415486115912,131.444627198795,113.385498003441,57.9431949545123,40.4441383555187,12.9620309417544,16.9359321095608,7.46403975048758,-10.1592187161617
5,10,M1,-9.24997704160436,-10.8227577363281,5.69151260884294,144.356928480797,119.518885417921,125.928296179185,125.291779530772,119.923974938793,113.041279501082,110.506586909463,85.5044525161591,80.5536412994583,74.192856987378,69.4582601188325,60.503097735064
6,10,M1,-12.2260672254567,-8.1113590202112,-10.1536745152063,51.1020305294078,181.24402745273,149.002818688396,169.093018515774,140.886585001275,140.770463817467,74.4236578241569,49.7968699719042,121.598958970925,66.1030120976046,44.4523163968399,41.2814771309261
7,10,M1,-3.69071473784005,-4.61002637987025,-5.52296481746715,-2.37499576544191,22.2059727271159,41.8199829543805,40.3472556105033,33.4898725411944,35.1121363684125,33.2941775939995,28.4905796640311,15.9965464120285,26.8594954125558,22.5323771903653,38.5480484330389
8,10,M1,-12.6254280030216,-6.19481280710592,-10.4068671155656,10.707292221008,108.072417149951,93.4446254935531,135.895551591548,114.041721978337,94.3985608964276,82.5756247752198,54.7417057294631,34.4912650181249,19.9684297439823,-1.06580895441154,-2.85445979699349
9,10,M1,57.1130076244962,-2.11617821515782,-24.7514209569425,-14.3427300079708,9.28009754835524,-15.4966824857278,-22.3029128350878,-28.9090216930435,-30.6696240975385,-40.5540451736737,-44.6302788003623,-47.4372483254745,-51.3813308852187,-52.7314044713982,-54.3546286759298
1,10,S1,-5.4244039483945,-5.58008714205453,-5.75849473679314,73.7510582257824,109.810320026394,122.591424979848,126.712217736934,135.885476712336,109.642610122435,86.3359130157507,60.9465464343098,36.5721199803634,27.2207753244588,18.4221278445085,15.0970704874951
2,10,S1,-14.5980863482256,-13.7519912356656,-8.94497174126812,176.719247902439,197.662946229187,161.405987961627,140.061879738615,107.264348610051,81.5220040286796,59.9855295968762,38.4397366105862,28.8963234631277,23.16409680173,24.2042506577184,24.9143884500419
3,10,S1,-3.61108117378441,-3.99456608822844,-3.06110275407432,90.0784138301737,68.836131924951,61.0178956550586,60.9828383211059,63.301077831774,61.5700579270397,56.4471965060689,45.2827653742772,33.982303958807,32.3019272099063,31.3573591685682,32.82919286988
4,10,S1,-21.0713645748283,-18.7112418987484,16.391333751626,94.2821765788,148.874846637366,155.788178176022,152.153836839291,127.48691715441,106.430179665303,61.1959715751739,39.1133577483435,7.91438126511835,-8.28773951086446,-24.6234150185742,-29.9529940413638
5,10,S1,-5.29507072530913,-8.71801787401408,-0.433548406604843,133.609993569164,118.518840370848,118.923411930877,110.384699344693,88.1995605854319,77.0377678785876,61.7125706753475,46.5601236190164,41.8295749757699,36.3705214636914,33.3009686784164,22.8787328256144
6,10,S1,-10.6902028190656,-4.45125803762722,-7.96757273661135,40.3016189325883,134.802178658173,148.029897998633,155.024750180936,130.162529720108,124.135621346192,96.2000158845858,61.0584531186002,117.311462365323,79.6326426299245,53.9264051951595,47.6868037266519
7,10,S1,-1.76979998051993,-1.51121080923401,-3.45761292453997,3.84012237704905,8.36266314121669,32.8953630012945,35.6575866912051,31.1749445764971,28.102910642541,21.9832833106614,18.082346207106,15.8484391447567,18.3206523092319,16.0357566705831,30.0490616902579
8,10,S1,-15.3837137078015,-10.8228615372581,-14.3091178302301,13.7550669573457,134.298640206326,79.4702531731188,79.1702954371545,38.1546354071044,21.8764557196337,15.2810112826607,9.00283019692668,11.7147547594492,7.38345767749241,-6.32654441809561,-5.90988683661979
9,10,S1,74.5509639141132,-2.14368524552864,-35.9023452955053,-28.4699002696217,24.4559776464959,9.11414122510047,-5.09194641853957,-17.5936575611887,-28.9258885750836,-37.6747257834842,-43.2511012598427,-47.614095136012,-51.86370641053,-54.047499274593,-55.7497966251865
1,10,Ins,-1.94449514145265,-2.01354601919696,-1.02017614510175,17.5506619166848,28.173122397471,29.1095123828196,34.5083452306713,38.9722679604435,36.1320350367212,31.6316668279579,26.4581891170563,19.3469007121899,18.9464900947554,16.5618692061429,11.9840840158584
2,10,Ins,-11.340995733944,-10.6033607765537,-5.41008647729245,63.7209507451369,80.8036694411628,80.3861162427451,72.707003200956,52.774287712206,38.3246931480177,32.7884316782691,25.6598413132446,23.6675315150968,21.1529081410839,20.697690416927,21.2972014667013
3,10,Ins,-1.84359462900009,-1.73185719410906,-0.341566268490978,50.9752234428003,50.1477832108319,48.5661803795623,50.0028879263391,51.6624806420805,49.4886715154526,46.0294630148655,38.2164784881228,30.5018820927579,29.1425233444292,27.9600126694611,29.0002760921441
4,10,Ins,-16.6906319420296,-12.8590829299401,9.69094812387833,48.5884693082293,73.0746251532122,87.5765351180517,95.5609138703855,84.6368772345944,87.3973422653796,30.8080373533443,21.9651971802816,6.01575661939021,3.12766766538566,-7.78300927247048,-10.3743194501211
5,10,Ins,-9.81783947898847,-9.45071651651609,11.4307746067031,99.7951664386312,149.046563140984,140.814724198391,90.2889189975258,65.074597218269,45.2570984521199,37.5392530925894,26.0159686934721,23.3722390667134,20.108773160092,17.8007296243369,11.6855552398987
6,10,Ins,-11.4730550786954,-5.58986345414116,-9.90803186908378,40.6923010632801,164.883731534392,171.330638029458,166.179684374468,122.850573136563,126.620941077918,117.187692748315,63.2864546154934,133.776086455127,85.2579669765588,56.595931827446,56.2537817149589
7,10,Ins,-4.27362837587209,-4.63612690832416,-0.605678424309467,33.8801699437237,67.3247955589535,97.3810650819331,92.4808445379904,78.7693824496769,58.8354212228388,44.2107565708747,30.0982214005987,19.0593341365281,24.7551250935872,21.3063601191889,46.5640465688042
8,10,Ins,-13.0935465007747,-10.8865224524795,-13.1773638821994,27.6131128973368,67.8079499708529,49.5519398962076,60.382958177943,42.1318467582126,24.9041183398911,19.1998971583888,14.849108862945,22.2437179309315,16.5105435615311,0.760803545597625,-0.748188471710778
9,10,Ins,50.2529347473653,-0.774154207281148,-18.1967393802924,-10.3561657313986,9.20456399225182,22.8472311718654,33.3586321730752,42.3308443465991,46.610334952425,31.3674672164525,23.5156365936706,28.3511367096627,16.8847836002794,14.2071959500454,11.4426794175812
1,10,CPu,-2.9938288918774,-2.06236440607767,-0.701385975818599,52.2798462339284,72.8429814455504,77.3091201140762,91.1751270026992,102.755975961993,98.3590466354594,95.7297779249183,86.4643858225913,61.7274642455428,51.0757540407026,35.2330410093582,25.2434518897492
2,10,CPu,-5.79471484550795,-5.59077627608048,0.973481848165536,96.1452568613036,98.2550050930732,92.3484601337706,89.898971646641,84.4549558721194,79.5146557027738,70.0767474449269,55.0814491979575,44.6303559973817,35.8844435969679,32.2443913385473,29.1801861768259
3,10,CPu,-2.9384648288618,-2.99989046757075,0.454167611333761,108.055149635996,112.224234107146,105.240930791986,111.621230663996,117.880125665151,120.878810601361,114.959484866948,104.640789112516,87.6876980959275,88.4557729013141,86.9121525181404,89.4547128383386
4,10,CPu,-14.2979408868143,-9.21292426331934,11.9781089032745,62.6237845628518,80.7787349776784,89.7932912337828,107.619417580698,107.932749142423,80.0629254044514,58.9421838591255,56.0345354331568,32.9786844589957,22.1751646477513,-2.28323935442976,-16.9316752118438
5,10,CPu,-5.66471382326183,-7.64510731418933,7.18125590276185,139.911209668019,196.775608629407,184.848085654688,133.659785870458,98.6511674103254,68.3085154173887,53.1067805203644,29.8399409541156,23.33470322358,18.1308787127958,17.6040450567999,13.3014319226827
6,10,CPu,-6.23670898914611,1.94773962610774,-9.53845641111581,50.671249044554,173.72951954963,171.902048784612,171.973632805413,165.487033886481,164.217473837278,132.114236578835,99.2105637481179,122.113376626454,100.375356586015,71.9094755103663,64.1367328648526
7,10,CPu,-0.390037550650894,-2.32932548811046,1.01724108321107,35.2578986345046,59.9745607115189,67.842639136156,68.3463580909622,67.234101600986,61.9065055919081,52.2109651095705,40.4635081952703,20.9883824790858,16.9238001426667,4.97126022965696,22.4744345714304
8,10,CPu,-4.65628848855736,-6.03992918419038,-10.7443502717733,40.0891404397464,100.91356564031,50.8508741839627,59.3011753844521,42.3361938603024,24.4608937894166,17.2806719207799,12.6270803937966,8.86798482375629,2.9884919606409,-8.00117130220042,-7.12862054133438
9,10,CPu,54.6449282797523,2.23632356637908,-24.6481001075692,4.15723871613063,65.1531608240444,48.8239289481444,40.9820598612773,33.2260206448044,23.7032471126741,14.0707064192751,2.05304931936888,-0.97224853862733,-16.3405977830319,-20.7234168123215,-27.0552960282346
1,10,NAc,-2.84003329752978,-2.67382939196639,-1.10203373955817,15.426047782313,27.8198129456551,37.7404582826939,41.1739534549127,43.1657808163667,41.8777726224483,42.5108596616691,41.3010823997282,35.8827477435429,35.9297923312561,24.770729027949,21.411363664349
2,10,NAc,-3.09749644244451,-3.38160234703843,1.42069891047271,55.4258381620799,56.635769810013,59.4823454298026,64.3833750176771,58.9599388536309,54.2879734920417,52.870393259601,44.203740552058,37.8988865344907,33.8504685140101,29.6264802462099,26.440865607842
3,10,NAc,-2.57725684892922,-1.54016376494375,-0.14385796389296,82.4919774275117,98.7253320449836,80.6491274461378,69.1060581293109,67.1516120105797,61.785742018962,64.8440961803816,54.5274748873749,41.6749082391099,35.9178566811997,31.3505505921785,24.9662824667805
4,10,NAc,-9.23031863834237,-6.53701182875725,8.42191195298542,48.4107246735687,63.3766865311553,59.7396072835698,65.0552699610772,58.9969212596283,52.5286776885885,45.7484559849669,48.3287738898954,37.7684503433457,30.1661738088086,20.0296161258328,13.115752515974
5,10,NAc,-4.58326368044465,-7.45514007863647,6.64196047039476,76.1511186600396,123.177504218674,113.118695764231,89.2713504181193,75.8066494112832,64.7372742663205,54.1099033708634,42.4834688193768,38.0465576567551,35.9730962334972,28.3287486181269,22.7855385903928
6,10,NAc,-4.55829802455194,3.70549290099566,-12.5456206049761,24.9749077764264,74.3980609106403,70.023387235982,70.8689576030215,80.6828123552122,79.8191058160577,60.2669131903895,26.7995186512377,50.037002060213,48.236970549141,36.4880738418943,32.0950879648794
7,10,NAc,0.613789117800643,-1.91216758785426,0.129022891374328,18.522586350394,39.4239072135644,41.949768445211,41.4358503834446,41.4540132355473,41.4677550282599,41.0943590559035,36.2112337489109,27.0730421813258,23.902965561219,13.6653523684908,21.8279794621092
8,10,NAc,-0.233072953765584,0.811165701213916,-3.83234499200397,26.7130116419517,72.1095258009052,57.6011724299841,62.1635256908207,66.0238533773425,54.2146431162724,46.6013296771499,39.123938093522,23.3256773407706,10.1161479968276,-2.2852617018704,-3.54407295706357
9,10,NAc,14.1305288811762,0.774850693208778,-6.87670947704553,3.48580016180276,43.4142329630145,71.4974609577234,85.5594416723789,97.0372554545012,103.924771186477,116.498002312288,101.588598273945,88.163356039697,68.5864616682655,58.4207447193978,44.6222084395098
10,5,Cg1,-5.7429712614184,-7.44020758340021,2.51193648378471,148.65532982666,132.081271604135,111.99067216278,101.756145163154,58.0472582933324,53.7764912380834,46.3530132823687,33.8286298447069,19.5063599447879,10.9286917288455,7.19437381407756,20.4138098652656
11,5,Cg1,-12.8287723352703,3.28639626506709,-0.979470796391197,108.360916472457,145.579575405639,71.1928502185171,51.6264646454161,18.9845557240661,20.8031601089218,9.51267401362669,22.8920576541729,15.5839200733174,15.8008731539051,6.86648212255227,12.2142138000093
12,5,Cg1,-24.4964740500287,-4.82819257237096,15.0691947561054,44.0984434472088,52.3821468943709,45.9054642514934,46.9637894715458,49.3178919818593,48.3454614673332,50.727268606047,37.074227129376,20.9199160778569,-7.93445670741722,-24.2561954254133,-40.1462255163636
13,5,Cg1,19.2160636310722,-12.334016110251,-10.1005874451702,175.951543286651,207.522588863268,179.308175805611,130.064931432185,86.9527425342202,69.796662337667,79.2588767942748,109.44383651632,127.583363214778,135.855620982123,116.277862521763,102.940400032669
14,5,Cg1,-18.179260852233,2.32056073728048,-3.6402576616289,233.03181652685,279.226275547778,252.630986208443,172.803818022227,109.007091159073,25.9066167092411,7.92662522994792,-10.6638619474064,0.24361649168593,-22.2817834331332,-23.9436017300393,-17.07434487872
15,5,Cg1,-20.6453122795651,-14.8297981439535,19.1391548240434,369.883465855654,341.214715508656,330.099850872501,329.451870315751,334.345180073351,277.840714838606,182.216499622878,142.430783932672,75.1378794712341,25.433873534227,-5.31556318093278,-16.4845529443424
16,5,Cg1,3.34020486120103,-28.3883350315172,19.0139243171387,77.2460108891295,101.332255512599,66.9662009368045,61.1558912506204,20.0355654232199,-2.18610219535713,1.17204424403753,-16.8158937587263,-30.6026838301407,-2.45692583657809,20.8001774430769,-49.229904476184
17,5,Cg1,-34.8930484073356,-33.6366622173564,46.4928344003805,99.0510971033006,78.3538915611105,44.3454460018115,15.8192493581973,9.14048833058285,-16.5317000221539,-23.4701144541078,29.4233671334768,8.23846790694496,-14.5648563894147,-4.19265589945208,-5.30591102751942
18,5,Cg1,4.81489823141411,0.362704010955171,-3.52534141046315,-5.98794609168804,-15.7094134186372,-36.495098817873,-49.0103587970057,-52.17006216452,-59.8469831833167,-66.6426686598628,-68.2825640703435,-73.2843164496342,-80.7433475874644,-87.4832105999739,-81.4737545328142
10,5,PrL,6.12179241504451,-6.5755601248364,-1.19373242253862,208.053489016508,199.431437411494,149.67363535556,83.684712415903,43.6468999177958,35.0974738053956,20.2761188753067,8.70359480598062,1.68869094002461,-3.44405404549615,-3.56243404558529,4.72673706384629
11,5,PrL,-8.70962456342053,3.38837992567404,-3.94503421808181,133.282005759986,160.522900680998,103.239898955461,67.9371532909991,34.2327109180217,29.7237006223376,11.2594305801023,15.4184786697379,7.94627858967689,7.19887461110874,2.49371538798657,3.26560855136887
12,5,PrL,-35.4825801330091,-9.81081318752626,24.1501028381347,34.2834258066571,35.4458031872051,30.2353446170149,29.7610736445557,31.8726237082491,35.0964463577656,41.8677020377525,45.7406067361453,35.3409755068129,-9.41868333628642,-42.3049225055013,-58.9814547298008
13,5,PrL,17.3185256276813,-13.126434391257,-10.5826513314043,216.863531005266,259.506462336926,189.571536979093,105.181876383313,72.5820695699581,60.6923440051029,73.3365534427797,120.072155068388,156.42221993987,173.045799830759,135.245960685205,111.569619013497
14,5,PrL,3.38211944997749,0.541351505381243,-9.07097324687935,146.384417984718,185.218764531636,174.094778605209,129.393038823132,93.6453741195069,33.3860617851539,13.9592511543927,-5.73669275077269,0.955258404145298,-17.5177893573188,-21.3226400053678,-17.5737759262528
15,5,PrL,-7.15188202066514,-6.93759996908117,7.02587987312197,365.661150102224,367.891711927908,357.546200912179,365.139570077163,358.135159926453,304.290646234812,195.049102134241,144.098996435384,84.0584704289353,55.291442527513,38.7898752504703,24.756045426393
16,5,PrL,-0.319899041546933,-30.4538612676371,26.3609143746583,93.3042122435166,115.000403240847,57.7072079176842,48.326797317448,5.36152226429651,-11.5456470668936,-19.2934284350727,-33.370147096333,-40.0335423346971,-25.5832956742701,-1.10539855987766,-54.1499363229786
17,5,PrL,-47.8876914482967,-44.0038017536358,62.5141806562988,145.190950447106,97.0996734779489,33.5744688489608,-2.22906664978168,-1.43079687743985,-28.0488669094458,-41.717434671156,0.594585296352634,-18.5991455004488,-43.897598082991,-41.2953851155043,-44.5071900593209
18,5,PrL,12.0112098411397,0.270830973724473,-6.7261057517996,-16.1807972177254,-11.7885897119253,-17.6750313944242,-21.8390358079327,-26.2012670325105,-33.7647094191154,-41.4322172459296,-51.2609098626221,-54.9111078351616,-63.8449511134105,-72.1458059796769,-83.5257859583678
10,5,IL,23.3988977812409,-0.368625117568581,-8.81409935669683,147.570753952563,300.779185720187,116.378308210386,7.45686962610975,8.3226193934753,3.28320777925636,-11.1571788769024,-9.12848494809596,-5.04342264450842,-9.45905149997908,-11.2229064634709,-20.4371140043031
11,5,IL,-8.5463668964344,2.35902262582491,-2.49288618758863,72.1569942488255,84.3649543887376,58.6240421785616,58.1571261477806,35.684782066212,35.326937928084,16.5415265977406,22.1573327567841,11.9844887618296,11.6726062786955,6.12347593625948,7.45085842708147
12,5,IL,-34.8077882513228,-8.33337384514362,20.3939866098012,91.4124034755835,99.4044544539054,95.3743297342301,92.8303903157669,94.9972210115619,99.2381117491423,105.961455053603,109.758378892622,103.6889931942,64.6026685478215,16.8210713697111,-16.3897649680501
13,5,IL,14.5488921290309,-9.54746109516167,-10.125409118633,119.901687260893,122.758932549186,108.648956614124,75.3908873375312,67.9249880872431,64.1263431997901,74.3255790159053,119.531644052764,150.020493660838,162.934376713523,148.888450411057,134.968031118682
14,5,IL,-3.53761381936495,4.07453977023084,-5.20707612830046,92.5611598727564,103.966469471123,102.83958676943,80.2314633810128,60.9377950077644,29.6914320593132,18.9021310354864,4.94986647091401,23.3856437315013,-5.41065690306365,-7.73691344030556,0.60343223731462
15,5,IL,-2.19494398268937,-3.75303743432328,2.82021897789433,159.092732181323,155.767170058955,142.578395100027,146.944057091287,122.718920034332,111.191652422634,102.455626973159,97.8918731247574,77.8051484737645,77.7268876928219,72.7550983874136,55.5928811880394
16,5,IL,8.46724240580802,-23.3446831922885,19.8595603334098,65.4468369893668,77.846912365435,47.6286091584535,36.3521185049031,-4.43040162802023,-23.5501904813108,-35.8236566557491,-48.3801060284022,-52.5727434316517,-43.222897990218,-19.6804382451052,-59.0506239585236
17,5,IL,-51.095579311613,-48.2461243805025,65.5722134960514,81.3075408941776,23.4715066050175,1.05901958696699,-10.782014086262,-7.7276496936293,-25.5136957994309,-35.5789670514817,-9.68172556758563,-22.0405817973359,-40.6152918512544,-39.3472086495611,-43.4442531131358
18,5,IL,19.4785938953678,-0.582938433726505,-8.95041265224693,-15.905023527119,5.06518335668839,7.02534838337175,3.77970645631519,-0.970108320222585,3.8789262316958,-0.773821310794801,-15.3611829456542,-15.0919812233364,-30.7416417924162,-45.415211949691,-70.4758556522655
10,5,M2,-6.37042612085531,-6.06561488210304,-5.82821452436389,79.6944461319778,46.6860621860679,45.4427033499843,54.8233400799894,19.2034254539377,16.6962615303132,15.7996897166963,12.4931264435635,3.61115857478245,0.281646291247977,-2.59802772901046,-2.46491908747277
11,5,M2,-15.7133092915284,0.266167895566109,-0.914504118107607,164.095727901417,166.985991275198,76.6081510632249,62.5894644242764,40.1296905027912,40.9264527295224,25.7612366703289,41.7260192256866,36.1438576178088,40.260624623234,30.2677424792918,37.3130321094319
12,5,M2,-21.1465469251175,-7.84718019002848,7.71193947041714,117.73991614141,184.540725377029,195.771043785489,193.909258924845,187.525720130703,187.409120343147,162.671944894522,114.917574978875,77.058559028931,24.6082721495782,-0.674658313640012,-22.5186523715047
13,5,M2,23.3203988569827,-6.84929065903051,-15.4200702239732,82.4897861839129,101.444419750553,91.9943032121158,80.2482746667203,70.5016434538447,69.7617595535286,74.3262959672244,94.9610406327649,105.194827528899,110.284881712437,103.708084603046,92.231089124585
14,5,M2,-23.8482163418726,1.63079490813929,-1.382466893575,130.488965666947,232.327865730516,245.136443104962,199.842353071968,122.894853853809,43.1911338494007,21.3957197848262,-1.15627700285366,10.2123860169621,-16.3843547628103,-20.4994768850452,-15.8222613062585
15,5,M2,-15.4057207995116,-13.4309366700585,12.9426998283486,236.671543106467,226.810895372402,225.937270601107,224.322123392537,201.638300920606,136.651695379113,68.521934652035,43.5460889593151,18.9188982026888,0.784725331147864,-7.12847171273077,-7.05049401327378
16,5,M2,16.6218479257651,-20.3522519173265,8.70496107646087,79.8484602183274,105.744064451332,83.6713793244992,62.519491741363,30.8161953141183,4.00771703589379,-11.2750491755921,-19.9642419959244,-34.3231557203427,-15.3364608858179,12.4031431790474,-43.5459032221071
17,5,M2,-28.1568841694982,-29.356178931937,36.8221694548379,69.1439095616802,45.3803992478839,13.2748373720289,-2.43086840468636,-5.61568806184286,-19.3545273310841,-29.2094792933668,3.27909229856664,-9.96164237034598,-27.8164130437668,-22.4000093190472,-24.8054675017669
18,5,M2,4.79567423431217,0.0391493872434939,-4.33038808933044,-9.16980228381052,-17.9575041253201,-29.1218390543715,-36.1960700223305,-38.3553797970115,-42.2975606354824,-50.990096023063,-59.2828859128512,-63.4016985925245,-71.3047986356377,-78.5195368269025,-84.7850981327698
10,5,M1,-0.586277117110575,-10.1855476212642,-11.6775509880839,141.694990320732,169.236463298132,99.3580776527848,39.6816711018283,17.9307103764822,18.7749790291871,2.82365416319089,-0.0615852170362275,-3.97443342275441,-10.9416887650472,-13.9360492048801,-16.0199290895128
11,5,M1,-13.7951438528133,0.348102119648421,-4.25386096863707,113.71606061228,134.535917280024,85.2319231423797,61.8681511616913,40.2020237261881,36.1778968495087,22.4108824168282,29.5305873314765,24.6088805754313,25.2425074491121,19.3594978067298,21.2142542007511
12,5,M1,-16.6161228952919,-7.82653198904449,-0.159221374308722,117.3391478197,223.776209396033,265.484438068117,272.125524843809,254.123121494917,251.054612518468,190.734991360103,109.358237148714,63.4383338814529,20.1739021475258,-3.52236298354726,-20.0049148868026
13,5,M1,31.2255701819066,-5.81640389216522,-23.5038489768826,50.1201054779352,68.699107514893,69.5376826397273,68.1577575639452,71.4380959194298,78.2820059876044,85.0890126796455,115.946237157756,137.971188568363,153.247601008477,144.689024411725,128.846349577804
14,5,M1,-20.3202330862944,0.766953620244033,-8.13708442812232,122.024816755045,277.092192248868,294.778850098333,224.979970879408,138.894818278431,58.9976768910593,28.5464686911342,4.04459335883611,20.9465716513364,-11.3479923590199,-18.7050334291917,-10.5669995845554
15,5,M1,-15.0248620470083,-13.2697091915188,11.9163070990929,397.336276474751,381.48022117179,404.140572530161,374.414879315491,281.143400575906,190.260444958765,103.451635155172,74.9537404137796,48.6688501307664,33.7395234986887,32.9875792199575,33.516010070167
16,5,M1,26.3185506105474,-5.54390374581816,-15.7385643995054,20.3913985251412,46.5442430680488,39.4143094388441,22.0536571461491,8.44417697629234,-7.67709853786516,-31.1506378606858,-45.118106220953,-58.2445981042746,-54.7907039083118,-42.342854020728,-61.2179692989756
17,5,M1,-39.9151757205948,-41.5494203946136,52.7592251736957,56.5714883046343,31.4550076541326,-2.02887980314991,-15.972791771551,-14.7218592710582,-26.2931091841868,-42.9161421157174,-14.8167811481707,-27.5841424182807,-42.1465826816018,-38.5179988529958,-39.7844133169293
18,5,M1,13.0605734041951,1.94729156511336,-11.5587998221472,-29.6615758987852,-30.4528623507671,-34.5024673922572,-38.5719244004272,-41.3268734693395,-49.6710720742374,-57.8520396072496,-66.3274291701014,-70.6794449852806,-76.4803105639661,-80.8478264536283,-85.2059254110269
10,5,S1,-3.19371090743283,-7.97841954673738,-10.1265766152921,107.928141945934,176.080064565094,122.49387880924,49.3658959559938,19.2360855521676,17.185999325506,0.37780262286555,-7.74320840604581,-14.3991512939872,-18.4321030710741,-20.4077263094436,-18.4428203255286
11,5,S1,-5.48091664467956,-0.630971047630487,-3.14600046111882,104.880520735366,130.48066789175,77.6629473922297,45.2442006068082,26.8045124886018,20.3027262684331,12.7387702762752,15.8773300711751,12.1853726942267,13.590224673527,10.3405423227522,9.74082831470761
12,5,S1,-17.0555399880046,-9.8309352869706,-0.99349374448585,101.538314511295,156.068773813167,171.561732833701,175.622154832954,166.61620394401,169.717051979131,146.248114604838,114.022000658381,83.5826874879522,40.1633598325228,0.8294514488327,-20.7017110276618
13,5,S1,27.1266310551406,-7.18534671912292,-18.6022655973899,79.1118472710248,101.01581746142,93.0366667060319,83.7041385281341,92.9927939236096,97.6943506299054,99.3181285166057,132.199930398643,150.927252409157,157.597260036056,151.922778971361,136.753857552445
14,5,S1,-12.4236066823745,4.17150265112358,-5.65278096180259,71.5500129027587,135.485145207015,137.067966667471,108.783306033048,70.9331422596148,33.2339753985167,15.3313171050823,-3.52327782323672,6.72928677334722,-14.8262307583214,-24.0564081300043,-17.4855867301472
15,5,S1,-10.0036434204923,-9.47191463829826,10.1158968595951,425.262946260607,443.419731515365,455.857724410477,403.776589888614,293.689414497912,189.016299726376,101.963450260998,71.3044761298433,50.3860591418682,34.3020298041545,29.6741306852058,33.593759459427
16,5,S1,3.82539711597296,-11.5835809741055,-3.6679534450977,20.7504625326082,38.7057445855527,32.2298144977139,18.1996340083971,5.93784400121011,-1.71052440771557,-21.9632941870942,-35.4195562808256,-41.6315710864345,-39.8996715907638,-30.4292256570334,-48.7898408599129
17,5,S1,-43.4624238598113,-43.2878861341098,51.7186638292188,87.7602934918621,60.657355799024,9.05537030218304,-16.9373337271896,-18.2330205071402,-34.2933895198365,-46.8889122068478,-19.7264309666879,-36.1361555252255,-48.3443133491752,-45.1329209736944,-46.4805805199972
18,5,S1,21.0487833584336,1.33072733684684,-13.7244003283814,-35.5945329830605,-21.5144078167161,-22.6432153013121,-31.0447956038468,-36.4767681763288,-43.0103711830781,-55.2013799946732,-66.7423978683208,-73.055677495951,-78.9562339427596,-82.6540184177581,-85.6659912308683
10,5,Ins,-0.191045473100262,-4.45847795345705,-4.36037926865825,41.8474001316516,83.0209762499819,47.292668110208,9.75920895766026,1.5433922036026,-0.689534931054641,-3.6646004826641,-5.62506164311626,-7.5357418635764,-7.70543122225452,-7.7664567436198,-5.37405894239577
11,5,Ins,-3.33344777056566,0.292450651633596,-0.756127471036097,44.1263079355466,56.4877288562886,40.9779939432897,29.5702925911061,16.2523817751344,11.8488885777936,4.56275627714736,5.4861615942721,3.43576520357781,3.93322845599911,2.29240146594037,1.50880766042765
12,5,Ins,-16.7752645694565,-8.22139501229123,9.59307116152304,130.692812251548,153.539325102205,147.78036038378,152.053730066967,159.497881211619,159.575901547986,179.091278726855,185.764483197056,166.27982348109,114.906290984236,50.0823882082443,9.75018155734301
13,5,Ins,17.5920604027518,-14.5769405499281,-15.2885728340473,110.313730343683,167.317923716829,163.900990825405,133.198607658366,136.609174501022,135.289958487961,146.28075783485,194.668957856886,199.900154117425,197.703519174306,198.815987811381,190.513657001053
14,5,Ins,-6.41643611421999,1.09236198166106,-6.21266392960815,48.9249141001805,63.122929324064,64.7085550099017,58.7809853302427,53.9122062532076,38.1208809082475,25.5551805827378,12.4292193519602,20.5017266560402,1.04308930235496,-4.40735692300551,3.6710543168496
15,5,Ins,-10.3433789635329,-10.0817673835988,5.62411434405019,212.353742846277,220.456577004513,220.548967653349,225.02780973742,190.915225922422,159.045382180384,103.305408990055,77.5643530335698,57.1604866044007,46.4832712660773,41.8123751216084,41.5071986358558
16,5,Ins,-1.49678686877811,-13.530409113868,9.94964683563992,37.3884197979395,43.1134603643072,35.1074426894771,31.0272197279907,6.76538498811751,-6.25961472234339,-16.3658069616778,-23.8194915758445,-24.0679316226209,-20.5310067820714,-2.72760778922408,-28.4928132206383
17,5,Ins,-38.6484878415233,-37.9328831526027,43.8008015770172,32.1553588913534,17.0017008718226,2.58496853004398,-10.466349118053,-5.45434538743665,-31.7299545503908,-37.5582618501298,2.36596488158463,-17.548429374273,-37.1191471034684,-33.321700643689,-34.9231683175731
18,5,Ins,24.3754665295412,0.648992975860593,-12.7304359854213,-24.1856880866133,2.42527623641926,1.19928101764138,-6.49041166190959,-12.7887692398269,-22.1388779861368,-33.0789140813298,-44.1890155434323,-52.5979688922267,-63.3460236872052,-72.6093110121196,-79.0344405238617
10,5,CPu,7.6137158481372,-3.43536298557881,-3.53300846137638,101.240284416058,160.389853720014,104.077984516996,58.1797821399976,37.6781141812317,27.4812768463781,12.0396985489571,-1.84407011612461,-10.3174470776649,-15.4204523275715,-19.8321746303192,-19.7490122090475
11,5,CPu,-4.97751333752541,0.78392120235317,0.588380278531116,47.9585683645896,67.6281791367086,83.2894269727945,82.7234477384991,55.2900417855328,45.85027396136,27.2155400295244,31.0289600789507,23.5912266579008,21.2797781629661,16.7057105442836,18.4359038090811
12,5,CPu,-17.1019508407147,-3.81142705809996,10.3316354041341,39.2576295322325,42.3924902998532,38.402049930689,40.0379648228785,43.9438142959749,44.3537602066424,52.8463615625237,57.5016759565752,54.0626321147277,47.2955934973496,21.7108741645241,-3.97524444274736
13,5,CPu,17.6120748317286,-8.23072492055482,-8.90981445088299,104.635049443681,134.139455748689,127.05921430528,131.122895537275,127.287419137646,122.246525467548,118.906377801513,122.565555991759,115.943819791642,110.017653147922,109.503985961536,105.143427582411
14,5,CPu,-13.4436460467802,6.90033864890352,-6.36198237802935,60.2116801135586,75.4247017206878,80.3258382105575,96.1487825253105,100.720603538581,99.7084220102486,85.5468280617621,59.9115016041385,58.1833148399708,17.5443631787344,7.47585253204608,13.7925644719424
15,5,CPu,-5.3430985683076,-6.16102219474552,7.25394570760021,232.971804359392,241.384603299291,231.855690136045,219.987195279747,188.433821761423,128.158740772362,62.2069039476094,36.7051047609505,13.0881437303014,2.21361668516096,-1.57276020309633,-0.246255821245364
16,5,CPu,-0.250622447089927,-2.39592112144266,-1.53252620026207,4.45598316654289,10.4862563672519,5.10885897522075,1.59472603952497,-8.18609611761426,-13.3153830253308,-11.3657245040339,-20.8877067144438,-28.8959175721499,-26.7947235279975,-24.8520160742542,-45.6752482084213
17,5,CPu,-35.020840600367,-36.8148472577933,51.5591835637114,63.193999335639,63.6971195233361,54.9019291865834,23.6200613153901,7.49408468741487,-18.9831627457826,-27.7857696555084,2.45737514556515,-6.97379680786038,-25.1060151502488,-21.348412791823,-23.4311526077601
18,5,CPu,15.0248816631294,2.09144601527511,-9.06445202240072,-16.0089519939989,-5.98798638674507,-10.765324442015,-16.8551434676243,-20.88418165511,-27.1393561733719,-39.2078056960528,-50.634004977094,-56.3286774804777,-66.136275399242,-72.9350319460658,-78.9465131890474
10,5,NAc,-4.00209617487208,-3.30799239350925,1.91732580254524,81.488470375595,98.6777058902346,78.1078184060976,52.0484615389628,38.7836875293587,32.648402684443,23.1217490764822,12.6341568058502,4.63091168162755,-1.77515215056054,-3.68081211243925,-3.4301863429643
11,5,NAc,-4.19495712645092,0.774654143764647,0.580977472718811,24.5011705701105,33.1794881833504,37.8163678719528,35.6213896975281,27.5299764306882,25.3573842557563,13.9239505109,16.2298185862183,11.6987939937034,10.2448219145977,6.96533518579024,8.29024362040704
12,5,NAc,-11.6035119198167,-1.81693566935042,5.23150998099411,25.1896988018854,27.0875258443213,23.859069327026,23.5769974238874,24.9199966159114,24.6214324488439,28.5114705301885,30.2966065189806,27.4297908015921,25.7888224874109,18.1512184244906,8.90084567328227
13,5,NAc,11.842307905941,-6.01496662983787,-7.31211674149929,59.6903646327632,82.4009311265768,77.8464860366786,73.6023703851692,72.2141161911138,70.8955317188107,70.4109277686555,78.020847454438,76.4488663028035,72.8844220660723,73.0812366476537,70.9443031312159
14,5,NAc,-20.706353153946,8.29664554799759,-1.14570182188655,15.8408779384742,17.9667584260108,20.7193964123772,26.8465190559996,29.2417299401234,25.2601026483441,21.2775169685327,13.1956536049763,20.4114488174952,3.87651920151834,0.993653952395547,5.75688073360252
15,5,NAc,-3.17701618055528,-3.34796836736937,3.57930508154272,102.290174444117,106.365677362104,99.1076683742974,104.226872007518,102.920169571918,82.980548524349,60.0744543494252,48.3104330617589,29.9133458071955,16.0732531965512,11.3864053104918,11.9943340038729
16,5,NAc,-3.65524203564918,-3.95648052578349,4.25096633652824,6.79479616898123,7.9207463005807,5.15539086618511,3.41739730122472,-1.56470406221504,-3.51404029455273,-0.21423308084842,3.10651993024937,3.62604159779845,4.29726491616562,-9.24801632306861,-10.3219683750054
17,5,NAc,-20.6451054387284,-17.4868991194376,24.2862389616246,41.5471009102063,49.7161808193081,34.0460947579297,18.2647944504824,10.1513905847867,-9.00890294165939,-20.9921999841065,-0.687004381109183,-10.8873387262911,-26.8623193911033,-26.1767271552852,-28.8465397644066
18,5,NAc,13.785951265845,0.640506504757898,-6.47011178172378,-3.20062104884837,21.5253498245315,20.4981163468897,13.0363157592165,10.664001483237,15.8272714511855,10.6956761038136,2.21430710098491,-0.838527748526146,-12.5110817645475,-23.0046519298744,-37.6387647092997
19,1,Cg1,-8.67230670614708,-4.42217406531262,-0.470591319442328,315.131112975477,150.796603820544,58.6336635557577,57.5296008522673,51.8677558162916,54.9777069631838,55.6368555707144,52.0317479364195,50.8361921512356,53.4277590181569,55.9048055324024,45.5908390888945
20,1,Cg1,-13.2294984596561,-22.2159109010733,18.5343862808468,126.152033092192,64.2044667936892,66.4489545060241,58.4062332382128,57.6311045888899,36.3238277565034,41.2181976855767,66.3159796240038,20.3015112048984,16.1418808088377,20.6964546709544,12.6253641550283
21,1,Cg1,-20.7764913419596,-8.09047536202992,2.713385860506,179.123423912087,107.569979920103,77.8559643137546,36.53236394419,18.1232671198071,10.8872632734396,6.69989872196034,5.44674700083374,4.58191827986206,5.92149648754017,8.38379308184437,-2.66214208138992
22,1,Cg1,30.4032936427952,-3.29866384704762,-11.1635824503663,147.317550887903,34.3567859891742,-5.84895073136297,-25.1780545654172,-24.5772619818308,-31.3626161006492,-23.2161567630802,-18.0557928572629,-13.3257907227028,12.6099457942213,-10.1294771082762,-5.31278612197233
23,1,Cg1,5.76579006628331,-3.46506146049506,-4.15371354746602,110.031594292732,70.3021476553924,50.47450926993,42.654325261423,19.6614701062314,10.0926690953062,4.52784713926399,-3.84848632506963,-10.1664344321525,-0.811827059863052,-3.10469626427124,2.05272661604756
24,1,Cg1,-1.05951715235095,-5.91358309992779,-4.85712798624334,112.156413421841,49.1911603233045,23.3762274818361,15.8322506092449,8.94316604534002,3.5128169728569,31.23305746529,5.73242154800883,7.11546445244243,13.8189123334394,15.1361986857707,115.423703658532
25,1,Cg1,0.277313804862374,-7.71555780286831,3.37504167677959,202.447737112129,106.250565630364,99.7604990227338,54.3613138119329,30.6080466337955,25.3788816719779,19.1987288169309,6.6925883417237,2.8314429150327,4.64307167195983,-5.40197847510722,-15.4280771463789
26,1,Cg1,7.45773576812206,-0.401192185332644,-4.4171424599681,-15.5386601368619,-27.7995285024332,-18.6246197207313,-8.28733921214139,-6.18025072933022,-12.2400017762467,-29.4409688959781,-39.9721243031353,-55.2505989178094,-65.1611432096592,-67.4110696791718,-64.6973197236052
19,1,PrL,-6.21186488740286,-3.38736293213004,1.40278440601428,130.070418698248,69.2068608984524,29.0774418159572,23.831996815903,22.9235353686024,24.3907031675166,25.2393514381656,27.0304631208802,26.4025956402236,27.9123615277284,29.8713590012493,26.2950074035721
20,1,PrL,-7.10650796952304,-11.0737794064738,10.1820062793407,94.9724080938894,45.3892100965824,41.3989062352208,30.565088738404,23.7739444727528,10.1112256861386,14.8402321408754,31.3324462750783,2.52910911338139,-0.351651561095449,2.90058315849932,-4.28476769554146
21,1,PrL,-10.2667878280429,-3.66462319894518,1.08504069758335,117.679246381293,64.6516772626701,53.2409016573552,26.94716826104,13.4367980404432,5.88830302289198,4.03788934830263,2.8064649327994,1.75452071829567,2.42172878710593,3.89523648511409,-0.563066266737341
22,1,PrL,36.4756261930856,-2.47989249399426,-16.2397650827539,151.421219003795,40.9915899618433,-1.35605444241449,-16.1728126040927,-17.0507763660112,-19.8637285904056,-20.4786808696963,-16.0352437439342,-15.7236661774839,0.426058255458383,-15.1543556522658,-15.2296394481718
23,1,PrL,-1.60378101052714,-10.8077257512535,-14.7996383376388,26.4523603732091,15.6026722914027,14.3481124739876,8.31617939103933,-6.37129420216343,-10.0753253981926,-13.3442227258793,-21.3444088715637,-25.353807788015,-22.7983527487557,-24.8401554927552,-24.4096665286526
24,1,PrL,0.924230532477772,-5.99521816494666,-3.73298404517086,85.6539845567222,31.9060776548025,14.3041029603312,9.01795652267605,6.48401470822932,3.86161207661949,19.959939145948,7.05043380437894,9.20095475875098,13.5795469201692,13.9825126992621,155.768452178435
25,1,PrL,1.56433833254014,-3.59070273545528,0.703806065434707,93.853305039381,45.5591634968638,36.4914515123266,18.3489561823937,12.1214579785247,10.1398011754648,3.24689570349701,-2.20351578376156,-3.51405852770797,-5.26005532784666,-8.88330338865627,-13.656319921916
26,1,PrL,10.2206391892092,-0.415829836422831,-2.79752365763398,-20.6165096824797,-37.6630797600542,-15.745745050796,-2.39241607240641,-4.28658235010613,-11.6695679889017,-32.7472451828551,-42.5780046709237,-57.8202109710596,-66.6213242403258,-68.722043914094,-64.0325250839641
19,1,IL,-6.65171951805359,-3.11151533834565,2.57190327427192,61.1013225210919,31.2849897097496,18.3426283459202,19.1866014047048,19.8243618028934,23.8593847264824,24.3046986821951,29.7376930674284,33.4735880952352,37.9969820475918,38.910968260481,35.2021028796245
20,1,IL,-5.37730698707665,-5.77550161064246,6.9334283971292,63.0814588072088,29.048755819909,24.382144450489,14.4399638973903,0.975177282986251,-4.24710692256455,-3.68040800022303,2.71561920475469,-6.21582100342869,-6.59175286228092,-6.01502677372004,-9.16280717363732
21,1,IL,-7.63435240354973,-2.99961941823836,0.67017808443673,50.8376751054216,21.7910356409095,14.2324284640065,3.98870931593284,-2.63079371230594,-7.20235196817589,-7.42044940797628,-9.02210312733025,-8.11040183845914,-8.17785547436953,-6.87250981171629,-8.64527111461232
22,1,IL,17.0365727272221,-1.98637759285114,-11.2125007999164,86.4322216017839,27.010114298869,3.87972295103325,1.35117275920389,-2.91857794380868,-3.67708355674654,-8.61359936853208,-7.49888668468335,-8.82850780777142,0.880464250548256,-9.06734581295141,-8.40826397544489
23,1,IL,-4.35575966555426,-9.37975508806741,-12.158309248206,4.27259712770732,11.7485602733215,17.8975407196037,13.6510730490629,-1.60116035791032,-4.10005619299325,-5.45109177607502,-15.5195553106865,-19.5102380998058,-18.2671519739643,-21.6247354032597,-26.7041225823538
24,1,IL,4.29371049943121,-5.54207075878959,0.589447837377004,49.761201942163,20.5095589420119,16.189259223587,14.3814685671435,13.1143156381054,10.5665710257418,11.6335450917146,7.27846579385576,11.5829498088303,17.0865962942449,18.5645849150931,144.897511757675
25,1,IL,-4.21618008598092,-5.50834077891761,5.90249733909894,62.5852038697054,24.5658591543553,24.1838905552958,18.1324035724957,11.7705112574422,7.68651730303835,11.8492909870258,7.61778448538458,5.73405577428017,7.06167427510491,5.44558664093027,2.44906477308885
26,1,IL,5.77506684871613,-0.396747621409767,-0.933092559761333,-20.2369990398426,-29.4984953693667,-8.47189351547901,-1.2657625622955,-2.02866854914617,-9.27133101656271,-23.900323188298,-29.3235450973464,-44.6614825254091,-55.711629356521,-57.6951176670129,-53.0611872804193
19,1,M2,-11.2764686061118,-5.15009028343573,0.36137605142831,313.819988980856,156.545347661014,72.4980619766274,70.5373316684826,53.4253917008438,48.963351876816,45.947210218473,39.2092746380835,39.1051306575047,47.4104490850948,46.3020753747438,38.2276892246094
20,1,M2,-28.3241429942214,-32.0932848232194,-5.46408207199219,63.067536966507,12.5292528568568,3.11463037463746,8.74612070134292,5.99642070747748,-12.73609133015,0.542166747625637,24.4730916107786,-19.3932222023889,-25.0114521960563,-23.55679430035,-26.2911268763946
21,1,M2,-17.3451325404777,-7.95966180623741,0.318443350961847,145.69921088352,77.391952251329,49.2061009931029,28.9919713198333,16.6715155330769,12.3223195835666,7.32870688683731,5.97107683748408,6.80627138722335,7.94314346945132,5.04404967720923,-2.48956023841908
22,1,M2,17.2531382153767,-5.71189357361299,-8.78358500385552,164.341146991848,48.4139728100627,14.7410012327863,3.27899928442176,-2.16652141222584,-6.04907064036148,-6.49795648436518,-4.73152387435763,2.77973907449747,28.9699413055,8.83841488561458,10.6292826840963
23,1,M2,4.37714962858953,-4.41958576014463,-6.10661472945781,35.4928258264037,43.4448690266327,43.8940482405851,42.1577425445431,19.3436371111408,9.44621212273485,5.51897850048708,-12.0458145490138,-19.6061317517644,-15.7656481127261,-18.0374285900534,-21.4998238893766
24,1,M2,5.91837953511121,-8.17883378631747,-10.0718804107288,93.5187024012269,24.5669570892686,13.6020980073183,12.0953970343738,5.65366191111647,-2.8379326207894,26.659727028101,-4.43346932937673,0.284217228123794,4.33473795325567,9.27585821744899,94.2565849505305
25,1,M2,-6.94052626184012,-9.71524233251114,8.61742737440662,199.412455660505,87.6976095221469,77.6191965143258,57.5296181591075,41.8212748936819,28.1184417845043,18.9093997067133,6.92204865198309,2.79515107123632,8.29045137671489,1.99814533403759,-10.7527857150399
26,1,M2,6.19332827120712,-2.61451266678591,-7.76492970977582,-16.8044391550647,-24.3118835376541,-20.3701852680138,-18.0858125760445,-19.1375329803752,-23.8336604770905,-30.760438419637,-36.096145817963,-44.521879073164,-51.0670720304609,-52.6010079211962,-51.1292442537692
19,1,M1,-9.33526798502297,-4.20719162974386,1.09305029925756,235.137031032429,150.409396774737,70.2389042119838,59.1239954153022,45.5080449770141,43.5565310317094,44.2352906102947,41.5910517920535,41.4527641297991,51.5859622596698,47.2660813112689,43.7489463946053
20,1,M1,-23.0302619069453,-25.6145063590604,1.99034912315533,76.2287074689584,22.4413770984521,8.90096048084551,9.45077160515495,4.27900873860898,-6.44179889542714,0.646031320487146,8.42928223343358,-16.1294315400754,-19.3048497391816,-17.7121626362395,-18.3125584201163
21,1,M1,-16.9173709147172,-8.30927456613211,0.133312660883182,141.595439597612,61.8598129995402,30.0326678771317,18.0325896454185,9.28760762127572,6.55661018976724,5.43565012838647,3.53178239559459,3.6137892852512,5.75675959609298,1.42022493652909,-2.16722714679623
22,1,M1,13.2499171289709,-4.35157762598347,-7.42497919540041,259.65905958997,87.7567532373575,27.2223467273041,12.316483571605,3.01969064223226,-3.63710216166014,-5.42516909732241,-5.13452103248627,-0.144236505443684,23.9478208577888,11.0559452112486,9.2892055243558
23,1,M1,11.2416065372456,-2.31946173455142,-8.39540295698607,43.8933248272358,55.5131752904906,51.0169599391678,50.7096294744166,24.881343388171,16.0034682233538,9.3915561883673,-10.6077797254078,-19.9195561997412,-17.967059887285,-20.7869895423933,-25.6100181745656
24,1,M1,11.0519264236088,-10.6749264984378,-11.5953938913808,100.796408265453,11.1249085528129,-2.11823868912722,-3.89022446454201,-6.182763740052,-8.0584247242756,25.7044145269043,-2.63017438595764,-0.507480484100411,-0.0495286163773485,5.47374287421626,107.972627308005
25,1,M1,-9.64558402051209,-8.88799614574866,8.38242362664139,195.05357570405,100.152098187051,65.8041641639242,51.1616931159403,35.1188937397536,21.8956839434972,14.0672028493646,3.96198585261542,1.32048280615375,8.00899429287103,6.1501569389522,-3.48156508053989
26,1,M1,-8.17447853638062,-15.4261244527402,-21.6470102897837,-34.9143739745809,-40.5396247782625,-34.9094655751885,-32.0815642097159,-36.2928226740314,-41.5950606918207,-48.4961953656405,-51.8199499271416,-57.3066394298982,-59.9782446741125,-57.3046256693728,-58.3924627354354
19,1,S1,-1.26435785923966,-1.53404703740695,-0.363207300859837,98.3024906196117,62.1270874030774,23.5861342276356,14.8663270180988,9.60295455568753,7.6190879084682,7.37844484457553,6.71667726318841,6.57144022457054,10.8485413591392,9.74647008395235,9.16116357482573
20,1,S1,-8.80179634779689,-13.0226195182281,9.88157292801231,81.1036283609901,14.3186290510288,-6.62064998775239,-0.67032764517484,4.88868164894456,-1.70645270886238,-1.79881395130509,2.0920008820589,-8.01876991081044,-10.9975829666424,-9.38353561256849,-11.4706754481986
21,1,S1,-9.4400590695915,-6.15323128602451,-2.1077334542724,138.971112152741,70.4985676055563,25.0479263676248,15.1932016308094,6.64039176544234,2.1099350162832,1.70806686309656,-0.364900731860958,-0.906730577389753,2.31774936694198,-1.46225686561353,-4.99021069015015
22,1,S1,17.4325033914729,-3.22861715567039,-10.1036938916292,182.801436095438,59.4040826913941,2.88177926306324,-7.91028939099579,-12.5730048324698,-17.2508456955758,-17.6979451619634,-18.5824689107586,-17.1140759020159,-2.25757743728389,-7.67853400063218,-10.23828639609
23,1,S1,13.167682513044,-2.67145429586109,-9.52144996253351,14.8052610927338,37.8219459953752,36.2476278980476,32.2034116813313,11.375357707346,6.1362726866707,-1.9167968715291,-16.936268062305,-24.6772395296763,-25.4120055227057,-31.2268691544066,-37.6969366736257
24,1,S1,8.70402282456684,-5.87653023806526,-9.12641465933708,93.3590987333137,17.6879708252484,0.489419344588648,-1.94472131095768,-5.51257162652259,-7.81073005422025,25.5844847339213,0.955689442122976,-1.41467771629622,-1.29687757438352,1.78699991999605,99.168325601094
25,1,S1,-4.15934654193921,-5.42114730729188,4.8328134535712,86.3533514942845,25.3620504301104,11.7535993984086,11.2407698429875,8.62701555334914,3.47843975698083,1.09047984619899,-3.42594978821547,-3.11168541905534,-0.776524977995415,-3.05365799711786,-9.76902374109273
26,1,S1,3.91561673602738,-1.88368463845638,-6.42001653550306,-17.9144113426504,-24.7141720465653,-16.6932140141099,-14.2501542489752,-18.1111383312068,-22.9854686435693,-30.7697644145735,-35.9522431308591,-43.2618045178955,-50.3237845671828,-52.7703729247045,-51.533520892317
19,1,Ins,0.336487271600083,-0.342034007503715,-0.534258606837881,16.0819772653698,9.85122372413158,3.13151675645493,1.77590122955715,0.742298475425523,0.0871036711237122,-0.174777261799096,-0.890591477158893,-0.945791041781336,-0.260182033170014,-0.171237822991059,-0.836678393522079
20,1,Ins,-0.107499565072248,-5.00661364816484,0.861870233401838,34.9893378451315,3.68729806006316,-9.35338267909227,-4.32884490413644,-0.803943792362754,-5.69788688426058,-4.12822839583366,0.263711593850137,-7.15917833022318,-9.1256260254895,-8.13358975897717,-10.179253728847
21,1,Ins,-12.1137376654224,-7.09833638628448,-1.25856066066941,66.5438844337538,37.6762230210839,16.0544349134699,6.35217985503251,0.895234245252245,-1.26870852263998,-0.954233889624581,-1.41154315505369,-0.394278410049539,0.807329944841388,-0.926267388465769,-3.64024569920834
22,1,Ins,15.8160480232496,-0.937207148807611,-9.25449959119377,87.3877108207091,14.9824420157787,-6.24840533899395,-10.5712860149158,-13.6898884007604,-14.3541117276537,-16.1616536643912,-14.0697172128372,-13.4345697220388,2.16488291275292,-5.77654947699686,-6.02827608016515
23,1,Ins,8.85334968955,-4.59363816683323,-10.3178197847757,-6.43918056934457,1.6522648186351,9.8278646921392,8.14644026444901,-6.00263568250518,-9.39935215999058,-12.2330033972078,-20.49720174925,-25.2125928465813,-25.4663827422835,-29.1502203601892,-32.6007570975635
24,1,Ins,1.44193130397942,-5.05862633149323,-4.93239921833534,25.0447386087499,0.955094823286155,1.15010576147458,3.68594684120232,4.85838320074865,4.59701320544149,27.6859401774821,9.83135606093316,11.1693635160211,9.80966703996254,12.5005109250817,107.47579666093
25,1,Ins,1.78799660448878,-0.914433743848071,-1.29237705041592,48.7364808330319,19.624807757759,11.1425500121695,6.49300459112296,3.14448226293888,0.676930278323523,0.369153845101679,-2.55428838150586,-1.83852813367311,-1.04554747167171,-3.14580007319327,-6.59118131783786
26,1,Ins,2.90355246142713,-0.821548647561203,-2.49661755280452,-12.4880399553125,-19.6103196480526,-12.4550379101786,-6.15133888815771,-8.28802568735299,-10.672108620025,-19.1126422246014,-23.5826499125031,-30.0470520879014,-35.8431788250062,-37.8244394920029,-36.4208736359785
19,1,CPu,-0.167589598676636,-1.38435170333167,-0.185825951101958,64.6188471989675,45.490531328014,19.1739622563794,15.7600265398367,12.6843367136686,12.9251126987869,13.274052450925,13.5758517702687,13.102623992013,15.0725307664697,15.3867581871882,12.2584304155869
20,1,CPu,-0.182521379371051,-6.26467833584321,3.4782203490827,52.754426439719,23.1274207032107,11.4924105167234,10.0875066340668,11.395592275942,4.84644427741669,4.79218494229681,10.3888246467994,1.59824052665851,-0.206248141838681,0.86034927001276,-3.18769167227858
21,1,CPu,-10.4715159158632,-2.1306855723799,0.510274978745623,60.1396050500139,23.9875286696134,10.1405892765472,2.09235820177384,-4.45882249780163,-7.47322243953538,-7.56349395529337,-7.25402637338185,-6.56845756199556,-6.05392325026521,-6.74798860377281,-10.2730713676781
22,1,CPu,18.5194969395765,-1.21786954964581,-8.80662293017275,107.515964788725,26.2568793663627,0.0806845341811984,-8.47939723057653,-12.5341812292329,-16.6219823411997,-17.115889096941,-16.0710576890864,-15.239649814118,-0.660435047483922,-9.80896809003538,-10.8466436854421
23,1,CPu,9.86797488179365,2.86429240337283,-8.28319956638217,8.59705966515658,16.6904589008297,16.9597448315562,10.6755448959063,-7.29755884684276,-13.2192464883874,-17.9923712649557,-27.6523602687711,-32.1059588613327,-28.986384195962,-32.12046442391,-35.4449783006945
24,1,CPu,5.27770761371174,-2.71226751950678,-5.14585558529831,75.5743843685451,22.3413560190456,9.36240774578528,5.31777485467351,1.70084969996293,-0.394876228746961,20.6694774655701,3.00204694941143,5.24768583771932,6.97667782632535,10.0892647825068,126.601811365259
25,1,CPu,-0.958483091252546,-3.1144363749302,2.78324389826457,84.4395224306377,54.4692651719484,43.3686159032349,29.5280645505331,20.5155089919255,14.2769578883215,14.035570396304,10.3950629450761,10.0036407659712,9.63506956097767,8.43953084735651,6.01680859434079
26,1,CPu,0.434459743262286,0.466841734006603,-0.772300315354343,-0.978147627904958,-0.399851294969037,-2.4092459872071,-5.35471533356126,-4.60103940675949,-6.23463876973667,-7.05122997499496,-8.6541335574629,-12.2920639865742,-17.146539448865,-19.1452312254639,-16.6547147701546
19,1,NAc,-1.31505948695602,-0.820201226558975,0.222093148940679,41.5380156076986,38.2542695000843,19.0701765591069,13.8512467376658,10.616500892714,9.82122288030472,9.30492589941158,9.86049593049517,9.69290392313275,11.6542932800391,12.3103188501046,8.83253122708566
20,1,NAc,-1.62032038200733,-6.630565530885,6.68064891355616,36.6492854297603,22.3974146431963,14.9843958099114,12.4478581388827,17.1388048453391,11.3381180800196,10.376663220948,14.5816796042749,6.94420345246685,5.66168102796726,5.77878559154374,2.61197194532624
21,1,NAc,-5.07882217063896,-1.24213588321979,0.421925624259987,38.6947295012434,20.7158077299792,3.48239720614541,-3.97679333451946,-7.76952543848215,-9.8614271685926,-10.1866336215447,-10.0866861091668,-9.51438960764533,-9.58790057261621,-9.4323600574216,-10.9163554347869
22,1,NAc,10.213757092989,0.543336323000014,-6.07718151296979,52.1650471689896,24.2984791971167,6.21997409426243,-5.29071822417649,-9.54659668138084,-12.8883087044034,-14.5464912299796,-13.8684297993812,-14.2670582860775,-7.90786237713021,-12.2603170763667,-12.4166942750826
23,1,NAc,3.54009648366723,1.00107160997433,-2.19922040520221,14.2418165121435,26.0597619903236,26.5195558677827,21.8072014489676,13.0358062106584,9.69148036394859,7.08616662755856,-0.159541105583647,-1.45703134358767,7.13340729939497,7.71157545373804,7.2325491634103
24,1,NAc,0.133682222307923,-1.44676336077523,-1.17220640368163,37.9751999169497,20.4487455336434,8.45374782608636,3.78420424848332,1.9804777830716,-0.0974519942222547,7.27635866980747,-0.980362581197993,1.25345262199521,0.915080164866105,2.14901880834926,53.1685785188412
25,1,NAc,-2.91219742560762,-4.31390131373911,4.65180586378618,77.4550101548468,69.0750868486386,57.7941140824554,44.20762788445,29.2442912852295,18.2651842150904,17.4142206794379,13.3474950246953,11.7878808135562,11.9998640686554,10.3313477847066,8.44588628238042
26,1,NAc,-0.338904153859972,-0.100363180941514,0.076089921361988,-4.68704305123149,-4.53980601313919,-0.555591962739161,-2.66167164591104,-1.54836711919059,-3.93358591456746,-5.55783779694432,-6.35755702572987,-11.9234340709231,-19.1856428397582,-20.6859123260682,-16.5793589174689
27,0,Cg1,8.0079068896313,2.13357909768684,-10.6618409809306,-16.0366896925851,-25.085314339219,-33.534215412824,-34.9676369311325,-34.3859908030347,-32.5972387924814,-29.5222491705428,-26.303999241352,-23.8089863366077,-23.0986216587459,-19.8561516214534,-19.2897434086074
28,0,Cg1,21.1978012391081,5.92331356208681,-16.9632178680594,-28.7526456089723,-38.8443620242648,-41.1298461826219,-48.5783137296676,-61.1205796283225,-66.7821987567879,-65.5535742847362,-66.42608670713,-68.7793097576036,-76.9279815806945,-84.3800332742035,-87.1007312337659
29,0,Cg1,-11.4706599848793,-10.0215047036049,9.28048643392827,12.2157727345506,-1.54187012613854,-16.3572897746078,-17.4986177436342,-21.9448616353733,-30.6539220279461,-39.1583411468825,-49.4702898706146,-47.7549022150642,-57.7737633794455,-65.072774890103,-69.597921967993
30,0,Cg1,17.7902418123286,4.97924282248835,-15.799872812448,-13.6867416855514,-29.4648355484209,-24.7651889382329,-24.7086863612001,-25.5050984911929,-24.868426892828,-21.1113557431694,-22.6083647016935,-13.3818353342417,-14.6257017697046,-20.5196792853852,-18.0178379720698
31,0,Cg1,2.13882139665669,-5.09327066312504,-2.89573429667645,9.90942970668957,5.10942157654376,1.8044543512774,15.3982905759878,15.0672303200206,8.91649191188505,18.9963458528377,32.2251162168286,18.1427296223533,43.6870252361246,54.9991818855295,58.323598537549
32,0,Cg1,-3.72267170010156,4.35652443334262,-5.64068163345109,-23.4807846962173,-48.9976517625968,-53.4075695856829,-63.1093446511958,-65.7675535497435,-68.6251898729315,-71.6382895700137,-72.1942210271098,-75.5737376421554,-72.9854129775783,-65.0219928543223,-70.4327631706543
33,0,Cg1,20.1572989080253,-6.66953594896133,-12.4833428209044,-14.3635546524414,-22.9836719521294,-23.3166748352716,-22.9974244559782,-19.2646956102334,-19.6665716544265,-18.015744026108,-6.81402148228395,-14.1175967551512,-15.2451139661896,1.22787341573392,-2.88029117337359
34,0,Cg1,157.025444044572,-19.9785241604657,-26.0055381328444,142.326137913793,-5.19177079017429,-43.3270929652,-45.4300262736458,-43.911064966206,-43.291431505279,-40.0616199879224,-8.66809225426941,-21.9323242518248,-17.8096054531964,14.607661469356,22.6895215175561
27,0,PrL,-6.48834776063134,-6.51558122271106,-9.70470527817664,1.4098787970646,15.5348179538365,11.8581577635585,8.58201098075551,11.3142126065556,10.1902847568807,10.7506560551026,5.67851154164853,3.54449962322359,-8.26848432803707,-5.34932406512109,-7.99620562622363
28,0,PrL,7.60014661285668,4.04425329987272,-9.57947316913031,-18.5024462097368,-31.8490909413567,-36.9203121704295,-43.0250380332998,-52.1411645415922,-59.2344560285425,-60.0281434228615,-61.9089432456792,-64.9375842154606,-74.5186875001659,-84.5123787820389,-87.211299120619
29,0,PrL,-7.88203553134741,-9.41872963965233,10.5833335468337,28.2459688700778,22.3326414984613,9.35947444015613,8.64608291059449,5.07329965537841,-4.54618834331057,-15.4429314490951,-35.9250087271118,-31.6863372881943,-41.8699666517037,-49.618811377344,-54.4999551828388
30,0,PrL,5.41745514434483,2.48825578131677,-11.6231921649167,-9.89617241122274,-21.6883327431251,-17.0307950257452,-18.6782844649717,-20.5842912684405,-19.60624146221,-17.1189783835072,-16.8906073470333,-10.9668208422089,-11.3769181087321,-19.0392673035116,-14.5888326309604
31,0,PrL,1.12451617667811,-2.96961051650179,-2.88444893261911,4.20551195742552,2.58686928204551,-0.617399809399936,5.47986326713703,5.56532890140548,1.92058221984955,5.15776533178624,16.4809124121529,21.3914122338745,19.464130412984,19.2864917274714,26.5454363202295
32,0,PrL,-7.0241077416379,7.76959213345052,-6.92925480711621,-26.5843346656071,-50.7355001734713,-58.8423394309224,-67.421939652098,-69.5784225665672,-72.0448004424685,-75.5075747511642,-76.0109508977356,-78.7824182275461,-77.3998574634394,-67.2968061159545,-74.7749415826815
33,0,PrL,13.8980528556038,-3.20718071853727,-7.33099747561601,-7.03059386364403,-11.1982071441322,-11.9622866703301,-7.83180828978645,-7.22432001615496,-4.04977695547092,-1.76934083190913,2.0026316805131,3.66389384602606,2.22463880047244,10.0995385469013,12.90353914509
34,0,PrL,148.715461921569,-15.3029178955348,-24.3658823054136,106.407940961381,-11.8178132061576,-37.9529392914189,-39.3195636041925,-38.3927817257978,-38.1425582680145,-34.9820251791495,-9.92102110355613,-19.3176755277714,-15.5438057514769,11.4960333541901,11.0292106963166
27,0,IL,-13.6433332978388,-13.6085971005576,-12.7964055423073,-7.98967352437696,-3.65435116352917,-1.00336740535596,-17.1511440011183,-21.0816128724224,-23.1908315344457,-29.5773330988765,-33.5956188859302,-34.1935124631055,-36.797764683272,-35.7258750723515,-35.8027064407328
28,0,IL,-2.1776380983984,0.911534408109342,-2.08487087124369,-7.43541320643332,-20.7035810824344,-26.1381261626681,-30.5023930013154,-37.3865880356045,-42.9588972760526,-44.2182185965915,-45.0683574215954,-48.8909785185899,-59.4472919675659,-74.3675450291447,-81.1047474588367
29,0,IL,-8.34940279100322,-10.8659548674085,13.8105031129094,38.8620988958456,40.6580878738551,29.7600773364691,32.4114198856817,35.3003451289878,23.9432443292193,16.1543161493297,-6.70650814923293,0.00179492256293795,-10.5255800784983,-21.0717750646308,-28.3847039289737
30,0,IL,12.4045979446415,3.26332580936688,-19.5163783243928,-19.8348257703496,-28.1836052208061,-24.810325761743,-26.2340140590231,-24.7907952848502,-22.946576169414,-19.1623873164135,-22.2466310513495,-20.9100812589098,-22.5576367705969,-21.9264430325353,-25.4133515117746
31,0,IL,1.66185258028907,-0.23999435266413,-1.48324286662965,5.29967965595604,3.73167489105025,-0.375000777245141,1.97892347418535,4.28634410457321,2.27063585153979,1.1561974155665,4.17876549292316,-9.02237825028399,-2.61099353426342,6.34908219161404,6.4082724025262
32,0,IL,-9.66672497521716,6.11254238275805,-4.1229856924473,-22.9453561376981,-48.4873548704095,-53.5678022604171,-61.7135415133819,-62.8380868950511,-64.7846505908448,-68.7948379432601,-69.0012448201228,-71.7700751720932,-69.6488033457134,-55.6764456858956,-67.4265930976928
33,0,IL,14.0360356017203,-3.44782221808918,-6.1583488894586,-4.80523753129681,-6.5127000285186,-3.39469958808731,6.67649510146127,4.05879777319126,11.3350629652373,12.5810357789052,15.3576940753584,20.4502800754148,17.3519484860891,23.7372919258509,27.3851947558432
34,0,IL,106.564266042329,-4.91712166664056,-21.6257727757887,98.4810807210543,-12.9335937103614,-37.1485039335553,-40.727484504666,-41.8575897674722,-42.0484791384984,-40.8653915231297,-21.0000806136719,-30.5654941858473,-29.3003190092066,-16.8844686242255,-14.9182879653582
27,0,M2,27.9190165973984,-0.78315583735797,-19.2130698687849,-26.5792532298005,-33.510148515334,-40.9568491760944,-42.5402428187207,-41.1336588638384,-38.7604743009553,-32.7879520743374,-24.6879399759429,-21.1982548055804,-16.492110295303,-12.9693826968688,-13.0191384427286
28,0,M2,28.9614078539303,6.2577461857206,-20.7842073360395,-33.7277290429029,-42.3890125595442,-44.8413666599457,-50.0722970455682,-57.0295702318736,-61.3796966963157,-61.7088715953248,-63.3177883358032,-65.8528566470421,-71.888217691654,-76.4348515835269,-77.4739747518634
29,0,M2,-14.9360853224859,-11.9539741757181,14.0995546129511,18.2446975198303,7.65376707757372,-7.21790112963239,-7.27897177299178,-10.138992188547,-15.6763257091437,-22.2790953005429,-27.4372728643993,-24.9714549800704,-38.2239710668668,-48.2166618579693,-53.6884337042319
30,0,M2,5.59700005880388,1.70382685147063,-6.80690760815531,2.91047355659726,-12.6439470014147,-3.70681446809237,-6.4738308353547,-7.86060176842603,-8.81069472754925,1.2611152656831,2.65487360199252,14.9701558124429,11.9831339090312,-1.59214507365973,4.09227580846676
31,0,M2,-2.45307505895354,-9.26303675682008,-8.92605897970549,5.41363688802503,3.7789995259847,-1.80068597855211,5.79320694223008,10.7909210033573,4.39740500679691,7.66368900202049,25.51192715277,8.57362975133986,11.6301490756599,15.2028715471953,26.8761609867891
32,0,M2,-3.81660297510555,-0.967916052250871,-6.09089434383808,-13.2109904344252,-29.9195618493192,-31.91203177868,-39.7256234079953,-42.329883719749,-45.491393903949,-49.6080953721337,-51.1663155829862,-54.6613673409131,-52.9820476346222,-43.5543404564046,-49.6192519545907
33,0,M2,33.2438618026576,-5.46769684907374,-15.6837318607109,-14.731725410356,-24.7977724711443,-25.0843833068645,-25.596731855307,-21.095866962994,-22.394736621771,-20.6848807614832,-3.44831075004049,-12.1148303392144,-12.8200783238592,6.72615879548085,-0.178171463903661
34,0,M2,101.908871175815,-12.526863332058,-26.232983367573,109.508360478462,6.32208981823263,-39.0302156895315,-45.4638811077397,-46.0689208759107,-44.7385620179111,-42.8781121364844,1.89714030097011,-26.5362490387174,-30.3796926906083,-15.0057434612041,-5.6459811780855
27,0,M1,44.2700403967769,-3.22634211538367,-14.6150799241442,-24.9195686254743,-37.229980340545,-43.3396573483947,-46.4536948575479,-47.9403699937164,-47.0123768872584,-43.1635115651629,-39.5699979637941,-38.047196069092,-36.6344435081824,-34.8639962412001,-33.5670662339295
28,0,M1,44.0981361484961,7.46846685730617,-28.3401547534351,-41.8378742651736,-52.1472860564692,-53.7049156004353,-55.1619281587705,-56.7167775257833,-61.4001911003942,-63.739581869702,-66.3061564656594,-69.2346348818384,-75.0079366822042,-79.1984764909075,-80.2352436780554
29,0,M1,-10.3260686735129,-9.24152244312395,10.1894572787117,22.3465010021464,15.9098645087317,3.79710690106683,-0.903251151749761,-4.85880664168627,-9.79352910974282,-19.6874705478431,-34.7968401925983,-26.1041463183854,-36.6170668913971,-43.8318842575201,-48.4756080040144
30,0,M1,22.8750211108988,1.28650517777041,-13.2889316365938,-16.0913030610532,-27.6059111259888,-22.0154901812375,-24.9421977633868,-25.2015384722893,-25.9771696050971,-20.6589224523584,-23.4069089754188,-23.1214137199054,-23.4515577708594,-32.6466445217659,-34.5771376074003
31,0,M1,-4.7261678185877,-7.64108921442314,-7.53051340153837,1.2863720473794,1.93637182278271,-2.18057678473868,0.218101023976516,4.79098818374048,1.70775682477019,2.86745783485709,22.9827132686105,29.9295002047108,16.3400888139592,9.81722836537504,27.0740016884978
32,0,M1,-4.56327151112843,-5.35300844412383,-10.1096182412489,-12.2580764170096,-21.4645318820432,-23.8950401686909,-27.4718686384058,-30.6229563604729,-31.0544489156823,-33.4244734804343,-33.610268029162,-29.8864977103179,-34.2060461850061,-31.6925843685044,-26.5520863062337
33,0,M1,26.5839711750802,-3.53112946248576,-12.7823371779916,-10.6897412323033,-17.6350304735874,-18.0179746596109,-19.8813812636425,-14.5905728084484,-13.3395630637568,-13.6584678968997,6.64433655146351,1.06804386185159,0.668646494279482,21.995788547993,12.7164060271006
34,0,M1,107.870828481767,-12.2891933006414,-30.3498150762286,108.858660132308,13.2888051853394,-37.0978899811149,-45.3189931790397,-47.1917820190169,-45.7679301513507,-43.2144184276019,-0.924853837290858,-26.0314937573714,-31.7717857888172,-20.1324749125978,-10.0405534212355
27,0,S1,19.1889596828485,0.389800519817693,-9.05218784341134,-18.1607122277722,-30.726557249202,-38.3538583545893,-41.5664666044019,-43.1545432415303,-43.7843317170463,-42.6027881954057,-42.5366476924513,-42.7814792349506,-43.3355969764046,-42.7449547204414,-42.2703112676616
28,0,S1,36.0663786256776,0.75930047540572,-16.5743498808404,-24.8097472951182,-38.1995318251677,-41.7443619751857,-46.6360341305408,-50.7694006200139,-55.006715128746,-57.3113499091173,-59.2053905721821,-61.6315385193372,-68.3348927896094,-74.2008547774155,-75.3450379455489
29,0,S1,-10.2182402601095,-6.28728253231239,9.22187622227464,16.2997701360803,8.87593805876998,0.241396017905302,-1.64567976595825,-7.00448127067585,-13.6099007717635,-24.0024789140599,-37.1444514461035,-31.0273932548349,-38.6465838458123,-43.8346438820856,-46.8915379403428
30,0,S1,50.1694266712202,1.65152231539856,-24.7640532864345,-30.2756692105542,-39.1046623096953,-37.7720417616727,-40.9858728899649,-42.0064035005018,-41.7995346122319,-38.2036732661237,-38.4743511834871,-33.5776457146631,-35.7714855623462,-41.4328781622711,-42.8204531831267
31,0,S1,-8.1576763926608,-9.73566641571042,-9.90063090452845,-5.02910460166061,-3.2710975466682,-7.10124739685113,-7.1064369192576,-4.30535575423059,-7.17068236880328,-2.70937211069157,32.2150898753603,79.9294935345076,29.1104318659412,-1.04116850555854,25.714982687373
32,0,S1,0.296777853280367,1.15431203766855,-4.83209630322019,-10.8057531447991,-25.3163876832671,-36.3396706013991,-45.8624236947034,-51.7716908846496,-56.369589930935,-61.7110095670636,-64.3935039792864,-68.1587267487227,-69.5433307239383,-65.1776938970298,-68.4885432991811
33,0,S1,34.5292946230235,-0.00686677365147875,-15.6771544592424,-18.6799189746513,-26.1798085614774,-28.2490476473779,-30.1113230622352,-28.1775433199651,-26.2813662594008,-26.1460823778757,-13.1563491038008,-13.1403892810273,-10.5007333606454,-5.34449189638061,-8.30032323688576
34,0,S1,99.9195568201151,-12.6830435001634,-31.9703568781459,70.9483767546642,-4.07523328905707,-43.6852017121371,-51.314993133545,-53.4716061949837,-53.5287628972768,-51.7368964986056,-37.3355623938237,-45.8719799098143,-48.3480592544747,-39.0958773748022,-32.5978445799767
27,0,Ins,-1.75809887417674,-0.00327442681446677,-1.92425654258406,-3.51472320444699,-7.7847715319437,-11.9081086008702,-14.470649652886,-15.8421060796834,-16.4888699767055,-14.7480111540258,-14.5774430802653,-14.4634058168951,-14.3808642278719,-13.9555516424183,-13.110578516686
28,0,Ins,3.66043848562135,1.65358890753927,-4.62523107400151,-9.39516491387511,-20.6826723333916,-27.0363005276779,-31.092145421659,-37.0115158529889,-42.1546757277268,-43.2462098553825,-44.8592399810148,-47.8286080553612,-58.0229709416431,-74.0360961159094,-79.273452691235
29,0,Ins,-8.71574354301714,-3.6996099713673,7.39138438991815,10.5363408281675,4.57246351630562,-2.28869328044489,-4.94972470607847,-7.71550344324454,-10.7183163181655,-16.4552748960716,-25.2426788685965,-22.0897364460252,-26.0573038020246,-28.8774119954957,-31.3544886477146
30,0,Ins,14.1715942025536,2.36372300897768,-10.7386482701011,-7.80405679070618,-13.8025211404777,-11.3903238425507,-13.3482019837193,-14.286246778966,-13.7372621819884,-9.05491454493482,-10.4224502176531,-5.40425931510683,-7.34932017082601,-15.7819394192451,-14.7588721739212
31,0,Ins,0.42862000458572,-1.41564266948248,-4.43497581709897,1.71788344584613,3.65910150585208,-0.806703120215622,0.304795026311452,4.19860823554257,-0.627137632834829,0.793898864430209,17.8470008927297,27.5938087852663,11.9161829834186,3.65530153111528,13.1768323922608
32,0,Ins,-0.183401620150225,0.748018533332305,-1.62503477535552,-3.92950223312427,-17.3962218352928,-28.5458124653792,-37.5885789329398,-42.9470875090549,-47.0504393366289,-52.1383333070146,-54.0416735668741,-57.2928897577854,-58.285302495929,-53.6497125843938,-57.2588889951928
33,0,Ins,13.4152041212307,-0.953999524608834,-5.46599956519813,-6.42994130050124,-9.88299138818899,-10.5049090415938,-8.95948942943322,-8.54590336429043,-7.27890499459174,-6.34808446998553,-3.74232123502679,-3.13126552619968,-2.69350547608568,0.344510342984334,0.0994354597133446
34,0,Ins,79.5563550717761,-9.47347375353259,-21.3726839585486,71.825126581615,-4.28842011805037,-33.9104541368822,-39.3110090675301,-39.8514258791567,-40.1707269601469,-38.1723184412647,-26.4048702564448,-30.8214891054738,-31.4392392050576,-17.3346810691298,-16.6020249022082
27,0,CPu,-2.12437273145035,-1.18653553059044,-0.132181026660599,-4.27148316488468,-15.505086959065,-24.175270649335,-28.9856993735184,-31.5784089089676,-32.6712201167639,-31.2455233808363,-31.7060133421163,-31.7048654806964,-31.4100002825181,-30.419888677956,-29.2132372447122
28,0,CPu,5.52441095222476,2.48847384898832,-6.914813014749,-12.6436837934849,-22.5827684822326,-27.4450426713737,-36.1679576145139,-46.9782540494185,-53.4128508811654,-53.9867136210669,-54.9568946234846,-57.329872451144,-65.2371715059403,-73.4625060243457,-75.2804655138806
29,0,CPu,-2.95663621812921,-2.33006674818226,3.66691603713499,9.73857266592232,6.62027886374943,1.99515125404156,-0.473531270636467,-3.67013848116144,-8.14404742385562,-16.0934157052879,-27.663564167444,-21.9657876043313,-27.1190869013032,-32.3426097084448,-37.1845674609826
30,0,CPu,0.495080392062677,2.49421080528694,-4.90548862892068,-2.54432688796307,-23.3896809231998,-26.8736595461055,-33.5182349300116,-36.2810586139251,-36.9175362089935,-33.1985513540406,-33.683873201398,-26.7125161853487,-27.2798139098717,-32.3402346207783,-28.3327545218281
31,0,CPu,-0.618076121912747,-1.20774895769895,-0.998877813309879,5.8046221536137,4.10822492793693,1.59543701065613,5.59455092172992,6.6881491272167,3.81271335878344,7.30473936291483,15.1702501563199,5.53270963987693,7.80776564034116,11.1697653089087,16.4476036302955
32,0,CPu,-1.59566127440339,-0.566295879917906,0.996851262707932,3.60749536899723,-3.50204125942224,-5.66455978160513,-17.1308849046483,-22.6919134954477,-29.0416842821713,-38.9907418170712,-41.4793882071587,-50.8053504739721,-46.8355810861375,-29.3187925179781,-40.1432801685343
33,0,CPu,18.6938414645114,-2.04860229424926,-6.51671445861149,-4.93607995561864,-10.2830801763569,-10.8773122679378,-8.0587575657041,-6.93695029646249,-5.33962927862415,-2.99601267346367,1.98230936570055,1.43891681988073,2.21860573806973,7.56164239749424,8.96268739932615
34,0,CPu,73.3847698907088,-7.96496879953275,-23.2506807951978,65.206184346163,-0.361748055463708,-37.417615563669,-41.0538118410963,-40.1467373157818,-40.5366139340937,-39.8535111587212,-21.8305764660078,-30.8398922722127,-31.3813692043459,-18.014301406173,-19.3010546226265
27,0,NAc,-0.507222168425741,-0.462328910624407,-1.47737155104685,-6.69534081887178,-16.8460979715318,-25.3234257392846,-30.8415564771356,-33.3634810264102,-34.0169946659246,-32.1932618893433,-32.0960794742411,-31.5031768728823,-30.3915191055834,-28.3863896756369,-24.8585881056373
28,0,NAc,9.59784463530425,4.02691163009867,-9.34750301712713,-12.0174172249451,-14.6093263712558,-14.7411131189342,-18.0065082080036,-24.873833454258,-28.563418227133,-28.4243999512803,-28.0579707464125,-30.2280544757972,-38.4665792824851,-49.7179671080825,-53.3969860826101
29,0,NAc,-1.20080335156676,-1.40702950127502,1.67894430739166,4.01794005665912,0.518239152153228,-3.6335156778902,-6.63368999194943,-8.5691368859832,-10.1885470447338,-13.3735240703471,-19.2239513794244,-14.1909323860005,-15.1440443461359,-15.4019136981242,-15.4853324585696
30,0,NAc,-2.77620484876506,1.06521631731208,-2.1645370122131,-1.51903917345888,-10.0414615081881,-11.5144569670599,-17.0268939288326,-20.3832179059112,-21.5427179651212,-20.1606667928252,-21.4994892202639,-16.4490355455652,-17.1599831856455,-22.2702007461019,-23.4454987022131
31,0,NAc,-0.369933052919611,-1.11728619792691,-1.23186044756406,2.90197686871181,3.28716942587304,1.17806763325543,2.50734311039952,3.49462626457807,1.71949082992533,1.52738765695799,6.00860236660334,2.71200988822366,3.02819310034356,3.20059112664188,6.56272642415847
32,0,NAc,-5.21219371314511,-0.959326421834152,2.4287758005256,6.20761798510012,-0.213173441795724,3.93644477183486,-2.31670074552381,-3.50440427916776,-5.74607464705212,-12.0253839571222,-11.816826852275,-19.3109186674601,-14.8200469789706,4.72481833469053,-4.73681690618466
33,0,NAc,7.57765614056654,-2.29700756362427,-2.08140456588185,0.932566729337237,-3.16621568331603,-2.21789154543138,1.69474827092495,3.98620916643595,6.74618722527427,9.23069074500616,15.0679032873652,14.9343022427309,15.1796022624103,22.8473980486758,23.9244884318363
34,0,NAc,44.364139146113,-6.16525259440373,-12.4021006684543,52.3870003820051,8.2469334099037,-19.9734125001371,-20.756417781424,-18.287987317092,-18.917286266882,-18.1715123447775,0.711418270985183,-8.47676183077973,-9.68658884781998,2.1765428773431,0.992737346247716
